id;blog_name;blog_owner;template;access_status
1;Integration;Avon Cambridgeshire;THEMILES;Public
2;Savings task-force;payment;THEKRIS;Public
3;quantify Licensed Pennsylvania;input withdrawal;THEKRIS;Private
4;Canyon bypassing;Gloves connect;THEDAVID;Public
5;Concrete Montserrat Balboa;contingency;THEMILES;Private
6;JBOD payment Profound;website;THEDOLIO;Private
7;Handmade;multi-byte monitor;THEDAVID;Private
8;Bedfordshire;multi-byte Puerto Planner;THEKRIS;Private
9;Shirt;SCSI Pants state;THEDOLIO;Private
10;methodologies application generating;Shoes Fresh Buckinghamshire;THEMILES;Private
