id;title;text;date_time;template
1;Account object-oriented migration;redundant;2022-04-27T10:12:03;THEMEREDITH
2;convergence Central quantify;Configuration;2022-04-27T00:28:08;THEKRIS
3;Account bandwidth-monitored;Total;2022-04-27T17:33:04;THEDOLIO
4;Checking challenge;EXE value-added Solutions;2022-04-27T13:16:31;THEDOLIO
5;Roads applications matrix;Dynamic Bhutan;2022-04-27T19:25:49;THEDOLIO
6;Unbranded optical Points;invoice;2022-04-27T03:23:29;THEMEREDITH
7;withdrawal Moldovan exuding;Station projection;2022-04-27T07:48:40;THEDAVID
8;Avon infrastructures Borders;flexibility;2022-04-27T00:50:36;THEDOLIO
9;Phased Web Wooden;magenta;2022-04-27T19:32:56;THEDOLIO
10;Buckinghamshire Idaho;Wooden;2022-04-27T19:20:20;THEMEREDITH
